elapsed_time,cnt,residual_norm,eigen_value_relative_err
0.0042943239212036135,5.0,0.00015753537414548542,0.0016125325850616702
