,time,residual_norm,relative_error
0,0.022022559642791747,3.3168788212521425e-13,5.03510410231024e-14
